transaction_id,chargeback_amount,chargeback_date
TXN102694,215.51,2024-01-21
TXN119880,472.03,2024-07-13
TXN120704,69.34,2024-02-28
TXN148966,476.86,2024-06-04
TXN116358,436.24,2024-12-30
TXN142263,66.59,2024-01-12
TXN109674,426.38,2024-12-19
TXN103896,400.44,2024-12-29
TXN127852,312.11,2024-09-28
TXN139855,70.42,2024-01-13
TXN111405,490.22,2024-12-07
TXN114927,173.84,2024-07-03
TXN113213,280.11,2024-04-29
TXN144973,63.2,2024-10-13
TXN106061,340.82,2024-06-06
TXN147574,471.4,2024-11-23
TXN138489,142.93,2024-04-10
TXN126868,300.17,2024-04-22
TXN145585,326.2,2024-02-17
TXN113344,215.34,2024-09-10
TXN117092,62.99,2024-12-26
TXN114143,311.6,2024-10-01
TXN144881,374.27,2024-07-28
TXN114257,126.35,2024-11-14
TXN146260,111.88,2024-12-18
TXN132897,116.33,2024-06-07
TXN108780,442.02,2024-01-30
TXN119196,299.02,2024-01-09
TXN138854,385.5,2024-12-16
TXN102662,426.59,2024-12-21
TXN138803,91.31,2024-12-30
TXN125082,173.38,2024-04-07
TXN115493,104.04,2024-06-28
TXN119733,138.9,2024-12-29
TXN143773,397.56,2024-02-09
TXN115164,451.42,2024-10-06
TXN140803,266.75,2024-03-13
TXN105535,60.58,2024-01-10
TXN148814,326.28,2024-02-18
TXN104363,111.79,2024-03-30
TXN103458,482.09,2024-05-01
TXN132901,484.82,2024-01-19
TXN115688,393.8,2024-10-30
TXN136084,81.3,2024-01-29
TXN114306,362.63,2024-10-24
TXN116025,156.58,2024-07-28
TXN145181,303.27,2024-06-15
TXN130977,256.49,2024-03-27
TXN142480,293.3,2024-11-06
TXN115815,415.41,2024-10-28
TXN112526,375.2,2024-05-03
TXN115806,92.04,2024-10-26
TXN140541,175.89,2024-03-24
TXN149926,158.52,2024-11-20
TXN146742,409.05,2024-03-15
TXN148223,469.26,2024-06-23
TXN110584,339.36,2024-08-22
TXN126469,222.19,2024-10-05
TXN131488,472.71,2024-01-16
TXN146878,86.12,2024-07-20
TXN119393,383.62,2024-01-27
TXN144183,270.6,2024-12-06
TXN134061,423.68,2024-08-24
TXN139759,445.86,2024-01-22
TXN113680,447.76,2024-10-26
TXN125938,422.05,2024-05-22
TXN112047,280.68,2024-08-04
TXN122763,242.1,2024-07-30
TXN130689,434.84,2024-03-17
TXN144379,86.81,2024-09-21
TXN107524,128.62,2024-09-23
TXN110782,146.01,2024-10-25
TXN100291,378.86,2024-11-11
TXN107309,52.79,2024-10-18
TXN114142,431.54,2024-01-03
TXN109446,487.31,2024-12-07
TXN149537,265.18,2024-06-29
TXN117188,296.17,2024-12-17
TXN131097,246.2,2024-04-09
TXN131393,53.36,2024-09-25
TXN143480,305.18,2024-12-24
TXN135870,477.69,2024-10-16
TXN110204,452.41,2024-01-10
TXN109925,100.79,2024-03-10
TXN130980,203.85,2024-09-29
TXN119135,156.89,2024-04-19
TXN129275,352.55,2024-07-16
TXN122421,492.16,2024-10-13
TXN146313,285.98,2024-10-19
TXN119117,341.13,2024-07-10
TXN131519,283.94,2024-11-19
TXN120662,411.33,2024-07-03
TXN120599,95.63,2024-10-09
TXN101052,143.93,2024-03-10
TXN142259,149.3,2024-11-11
TXN112697,498.63,2024-07-09
TXN116557,474.04,2024-04-15
TXN145231,78.44,2024-06-03
TXN101653,188.16,2024-11-14
TXN127777,50.83,2024-05-15
TXN130230,223.69,2024-12-27
TXN117435,308.6,2024-12-08
TXN134395,66.79,2024-06-24
TXN116023,209.8,2024-09-11
TXN100028,67.31,2024-07-04
TXN138268,341.8,2024-12-10
TXN112186,182.48,2024-11-09
TXN111793,185.76,2024-12-23
TXN102865,295.88,2024-10-19
TXN109987,207.49,2024-07-04
TXN127030,307.28,2024-11-09
TXN136176,436.29,2024-10-06
TXN142093,398.16,2024-12-10
TXN114442,67.21,2024-01-25
TXN101761,132.57,2024-10-11
TXN100069,411.58,2024-12-05
TXN127141,278.48,2024-02-21
TXN119158,367.48,2024-03-26
TXN144878,372.7,2024-11-08
TXN106793,164.33,2024-02-11
TXN149284,468.7,2024-11-19
TXN109346,328.6,2024-02-08
TXN108303,471.66,2024-02-25
TXN130326,145.4,2024-10-19
TXN117194,52.33,2024-09-21
TXN129268,329.45,2024-03-10
TXN104025,321.29,2024-03-24
TXN102651,373.01,2024-03-28
TXN149663,93.8,2024-11-11
TXN114516,230.07,2024-10-13
TXN123333,332.22,2024-07-21
TXN144703,178.28,2024-01-11
TXN123880,475.55,2024-07-18
TXN108366,483.36,2024-10-29
TXN106318,98.83,2024-01-11
TXN111651,152.63,2024-07-08
TXN116004,154.31,2024-01-03
TXN134458,64.06,2024-09-17
TXN131304,329.95,2024-07-17
TXN121339,54.58,2024-02-26
TXN116367,167.03,2024-11-12
TXN140981,414.77,2024-08-07
TXN123758,376.5,2024-09-07
TXN145492,198.27,2024-08-11
TXN111940,162.23,2024-12-06
TXN116987,111.16,2024-10-24
TXN128290,166.44,2024-03-25
TXN126486,475.21,2024-04-19
TXN131529,440.75,2024-10-15
TXN120078,90.29,2024-08-31
TXN109251,495.28,2024-01-20
TXN141581,236.47,2024-05-31
TXN132394,108.17,2024-06-27
TXN107520,177.92,2024-07-29
TXN132120,300.44,2024-07-16
TXN140716,476.55,2024-12-01
TXN122487,238.38,2024-12-30
TXN122198,389.3,2024-02-26
TXN120713,361.54,2024-01-08
TXN143973,422.91,2024-04-04
TXN104748,108.15,2024-03-14
TXN115602,320.93,2024-01-20
TXN106978,420.68,2024-06-04
TXN126671,87.44,2024-10-06
TXN109260,374.18,2024-09-16
TXN148592,207.74,2024-09-09
TXN144072,382.8,2024-02-02
TXN131078,223.21,2024-09-17
TXN110030,101.16,2024-12-23
TXN123800,254.84,2024-12-16
TXN110852,124.84,2024-06-02
TXN141414,183.0,2024-05-02
TXN114620,242.67,2024-09-12
TXN138589,118.19,2024-03-12
TXN139367,203.84,2024-09-01
TXN115670,363.65,2024-01-16
TXN117170,474.23,2024-02-21
TXN108085,126.9,2024-06-04
TXN106494,110.26,2024-09-14
TXN140157,404.78,2024-07-30
TXN134997,258.8,2024-02-22
TXN116856,129.48,2024-06-25
TXN137949,170.92,2024-03-07
TXN118206,197.64,2024-02-22
TXN114153,305.86,2024-07-02
TXN144041,469.59,2024-09-27
TXN132906,325.93,2024-09-16
TXN106839,474.78,2024-02-21
TXN128909,430.93,2024-09-15
TXN124728,69.65,2024-02-05
TXN124073,199.47,2024-11-05
TXN147477,473.77,2024-06-23
TXN114378,482.39,2024-12-06
TXN109709,276.27,2024-01-12
TXN106144,318.04,2024-09-11
TXN115043,498.29,2024-06-16
TXN145203,114.03,2024-11-11
TXN138218,268.4,2024-04-05
TXN124161,482.41,2024-03-27
TXN135515,417.09,2024-07-25
TXN120238,462.4,2024-11-21
TXN108001,117.85,2024-12-04
TXN100439,133.71,2024-06-11
TXN135237,270.16,2024-05-01
TXN121331,249.82,2024-05-22
TXN133422,488.82,2024-09-08
TXN103666,316.32,2024-09-02
TXN114744,101.08,2024-02-28
TXN120732,459.79,2024-12-16
TXN132381,73.98,2024-11-10
TXN147393,260.35,2024-12-13
TXN110053,66.83,2024-11-11
TXN141403,341.96,2024-05-24
TXN129105,424.35,2024-06-21
TXN145156,434.98,2024-12-11
TXN123308,111.3,2024-10-29
TXN114913,242.33,2024-02-04
TXN124690,189.6,2024-07-08
TXN107573,268.31,2024-06-11
TXN120606,486.01,2024-09-29
TXN136009,202.07,2024-10-14
TXN113226,104.28,2024-07-27
TXN141826,100.22,2024-06-12
TXN103888,52.67,2024-12-21
TXN104182,313.36,2024-05-28
TXN140435,310.84,2024-05-26
TXN109848,50.72,2024-03-10
TXN133713,479.22,2024-01-03
TXN118108,308.57,2024-04-09
TXN138841,387.51,2024-12-26
TXN104677,400.5,2024-07-11
TXN121372,473.91,2024-03-30
TXN143326,435.83,2024-07-25
TXN140210,72.78,2024-08-16
TXN128533,487.93,2024-09-12
TXN134809,91.69,2024-10-03
TXN123323,179.19,2024-03-11
TXN109005,87.77,2024-10-21
TXN149762,87.06,2024-12-25
TXN125103,444.23,2024-01-08
TXN138225,154.02,2024-08-22
TXN103391,113.3,2024-11-09
TXN131719,355.04,2024-01-26
TXN114999,427.42,2024-07-09
TXN138811,473.83,2024-08-11
TXN128371,247.04,2024-05-22
TXN119056,438.97,2024-02-27
TXN118273,83.78,2024-02-29
TXN118415,251.77,2024-11-23
TXN105318,146.48,2024-03-07
TXN116461,482.31,2024-10-01
TXN111903,143.21,2024-03-04
TXN134519,449.36,2024-12-30
TXN106934,258.76,2024-10-25
TXN122028,188.66,2024-06-24
TXN149813,107.69,2024-10-04
TXN101293,285.84,2024-04-17
TXN149982,205.7,2024-11-09
TXN121763,462.45,2024-12-11
TXN146499,391.89,2024-12-02
TXN122920,431.91,2024-04-19
TXN114069,107.08,2024-11-02
TXN137202,114.96,2024-05-17
TXN135474,331.72,2024-03-16
TXN136716,414.22,2024-06-11
TXN109705,467.18,2024-01-14
TXN126078,356.61,2024-06-10
TXN142280,389.0,2024-09-21
TXN136545,95.36,2024-05-09
TXN139436,200.54,2024-10-25
TXN142258,297.17,2024-11-18
TXN106498,267.81,2024-10-03
TXN145744,354.9,2024-11-19
TXN139885,472.51,2024-08-21
TXN105386,188.57,2024-08-24
TXN139127,364.79,2024-09-21
TXN133829,378.47,2024-11-28
TXN106892,311.0,2024-10-13
TXN117829,70.14,2024-11-08
TXN104883,444.88,2024-03-15
TXN142624,251.98,2024-03-07
TXN108325,418.2,2024-06-24
TXN132105,267.1,2024-01-17
TXN135390,471.69,2024-03-09
TXN116194,469.21,2024-11-06
TXN136836,283.79,2024-07-09
TXN118639,252.51,2024-04-23
TXN102324,474.65,2024-04-03
TXN148369,221.01,2024-01-17
TXN110984,445.33,2024-08-04
TXN107439,203.16,2024-12-09
TXN119682,470.23,2024-12-17
TXN121822,117.93,2024-09-28
TXN147171,243.42,2024-12-25
TXN138942,82.97,2024-11-09
TXN138702,60.72,2024-06-04
TXN141327,232.4,2024-06-25
TXN129908,163.62,2024-04-26
TXN115002,283.45,2024-09-19
TXN148717,123.94,2024-09-30
TXN126721,249.8,2024-11-28
TXN127959,124.19,2024-09-06
TXN138356,342.66,2024-01-23
TXN110993,78.99,2024-09-13
TXN120387,225.05,2024-05-05
TXN109515,150.16,2024-11-04
TXN148581,442.29,2024-02-04
TXN135686,169.15,2024-01-04
TXN124136,397.8,2024-02-22
TXN118276,344.26,2024-12-22
TXN139201,256.16,2024-09-09
TXN115287,344.47,2024-02-16
TXN108702,185.77,2024-01-20
TXN132279,194.8,2024-01-30
TXN148583,122.66,2024-02-22
TXN123045,469.86,2024-04-17
TXN115373,177.04,2024-06-02
TXN134297,370.92,2024-08-30
TXN138682,108.7,2024-01-14
TXN129062,132.14,2024-02-15
TXN101241,110.16,2024-10-21
TXN145909,475.89,2024-09-05
TXN101874,243.88,2024-07-05
TXN104044,355.18,2024-07-18
TXN142126,193.16,2024-04-22
TXN145337,303.92,2024-02-05
TXN148705,395.58,2024-01-29
TXN118037,472.93,2024-08-09
TXN143883,200.52,2024-08-14
TXN133275,246.02,2024-07-09
TXN134371,265.2,2024-10-12
TXN112518,212.81,2024-10-04
TXN133378,334.98,2024-10-20
TXN143545,147.65,2024-07-21
TXN128741,106.1,2024-03-15
TXN112808,272.14,2024-03-25
TXN109149,492.04,2024-03-11
TXN134429,367.0,2024-08-08
TXN148656,476.95,2024-10-01
TXN120326,368.87,2024-09-12
TXN138453,245.3,2024-04-02
TXN127237,388.31,2024-11-16
TXN115535,199.51,2024-09-23
TXN106142,316.8,2024-01-02
TXN118679,269.88,2024-12-25
TXN112260,260.21,2024-09-15
TXN104891,380.44,2024-08-26
TXN101390,332.22,2024-03-23
TXN130127,303.99,2024-05-01
TXN126289,163.9,2024-03-24
TXN133341,107.83,2024-03-01
TXN129570,144.13,2024-04-13
TXN107750,304.12,2024-11-27
TXN106197,403.66,2024-08-07
TXN129688,50.85,2024-08-15
TXN100854,449.87,2024-04-20
TXN135347,308.32,2024-08-06
TXN112519,227.12,2024-08-22
TXN104049,176.59,2024-09-09
TXN133986,299.47,2024-09-01
TXN141874,149.97,2024-07-27
TXN139676,63.53,2024-09-27
TXN128451,185.17,2024-12-14
TXN147654,187.75,2024-10-08
TXN135959,302.08,2024-04-05
TXN133481,323.82,2024-12-20
TXN145726,109.36,2024-10-21
TXN109409,196.37,2024-01-15
TXN132486,426.38,2024-08-03
TXN124199,99.9,2024-12-13
TXN122646,351.05,2024-08-13
TXN104332,469.21,2024-11-08
TXN123027,190.1,2024-10-05
TXN110214,499.64,2024-07-31
TXN149878,272.24,2024-05-11
TXN111276,129.0,2024-06-01
TXN123906,177.97,2024-05-21
TXN120019,380.83,2024-07-01
TXN124060,289.61,2024-02-21
TXN120539,236.16,2024-02-20
TXN132016,61.84,2024-02-28
TXN141646,188.96,2024-02-07
TXN101699,151.61,2024-09-10
TXN148634,210.76,2024-02-15
TXN126798,276.49,2024-05-01
TXN146227,343.12,2024-08-03
TXN134163,461.51,2024-03-31
TXN120779,478.73,2024-10-14
TXN141959,330.02,2024-09-05
TXN118088,92.48,2024-01-26
TXN124748,446.33,2024-02-28
TXN110512,411.48,2024-03-27
TXN121115,274.78,2024-10-16
TXN145136,456.64,2024-10-21
TXN147173,469.71,2024-03-09
TXN126991,287.5,2024-01-26
TXN117454,299.4,2024-08-18
TXN137828,399.86,2024-02-14
TXN125673,188.44,2024-04-29
TXN121536,272.77,2024-06-09
TXN145079,119.44,2024-05-29
TXN128904,172.16,2024-11-15
TXN128297,468.06,2024-05-01
TXN144227,203.15,2024-08-23
TXN129350,372.26,2024-08-06
TXN100193,402.23,2024-05-21
TXN146264,188.97,2024-12-02
TXN138774,170.22,2024-06-27
TXN112033,397.03,2024-04-23
TXN125106,86.94,2024-12-26
TXN141383,228.66,2024-04-08
TXN143379,470.64,2024-05-17
TXN108628,426.12,2024-11-04
TXN113048,336.83,2024-09-01
TXN102104,333.76,2024-10-30
TXN104687,105.64,2024-10-23
TXN116737,445.05,2024-07-23
TXN125327,63.26,2024-01-14
TXN121136,382.36,2024-03-12
TXN145780,484.25,2024-06-01
TXN136321,107.16,2024-08-29
TXN141009,121.95,2024-04-07
TXN111859,85.48,2024-12-06
TXN101473,121.05,2024-12-12
TXN105853,381.11,2024-04-20
TXN105490,446.19,2024-03-09
TXN125531,352.79,2024-03-23
TXN115900,262.31,2024-12-23
TXN143943,420.2,2024-05-27
TXN139203,371.63,2024-08-08
TXN127804,386.94,2024-12-12
TXN111604,286.6,2024-07-12
TXN142935,337.85,2024-10-21
TXN148131,389.65,2024-12-11
TXN112215,349.3,2024-03-29
TXN114746,414.89,2024-04-22
TXN147778,371.64,2024-09-13
TXN125323,193.42,2024-01-27
TXN146536,216.3,2024-05-28
TXN143289,328.06,2024-05-22
TXN106564,411.44,2024-01-07
TXN115081,139.13,2024-03-25
TXN127309,185.36,2024-08-21
TXN136284,232.95,2024-08-22
TXN126114,84.25,2024-02-20
TXN135603,231.64,2024-06-17
TXN127667,182.14,2024-04-01
TXN142868,470.94,2024-09-09
TXN111559,148.11,2024-02-24
TXN146767,374.95,2024-11-20
TXN140120,289.66,2024-06-16
TXN144358,262.08,2024-08-23
TXN124373,327.13,2024-04-05
TXN121147,145.5,2024-07-11
TXN102563,480.19,2024-01-05
TXN135837,492.92,2024-03-06
TXN116417,150.82,2024-09-19
TXN146274,439.53,2024-11-18
TXN145631,51.7,2024-06-18
TXN129064,152.74,2024-07-05
TXN116308,334.45,2024-11-01
TXN125229,342.37,2024-03-02
TXN145822,146.45,2024-09-29
TXN140202,218.71,2024-09-09
TXN131377,417.74,2024-02-02
TXN147178,131.51,2024-11-09
TXN129305,177.1,2024-01-17
TXN139895,393.15,2024-04-13
TXN138461,407.23,2024-02-19
TXN140339,301.34,2024-03-07
TXN104656,376.83,2024-11-30
TXN105639,394.04,2024-03-29
TXN106630,373.4,2024-02-14
TXN148465,326.48,2024-06-16
TXN105313,470.75,2024-11-11
TXN123354,186.47,2024-08-05
TXN140410,80.71,2024-09-20
TXN113142,87.42,2024-06-22
TXN128976,461.11,2024-11-25
TXN103179,78.42,2024-10-07
TXN124578,112.68,2024-08-03
TXN101093,486.19,2024-07-26
TXN124172,487.76,2024-05-25
TXN116543,126.02,2024-05-12
TXN141162,444.2,2024-06-18
TXN116620,360.3,2024-08-26
TXN134818,285.85,2024-11-30
TXN115649,494.12,2024-09-14
TXN148773,252.7,2024-04-30
TXN101854,234.99,2024-02-25
TXN140656,140.84,2024-03-07
TXN108866,103.72,2024-09-22
TXN121811,147.47,2024-11-19
TXN108824,395.41,2024-04-10
TXN128295,315.63,2024-10-19
TXN100612,374.56,2024-05-08
TXN127825,281.34,2024-01-28
TXN142491,317.29,2024-12-04
TXN114701,382.0,2024-06-26
TXN137570,454.47,2024-05-18
TXN149763,168.5,2024-11-22
TXN117125,368.38,2024-02-28
TXN115853,226.44,2024-11-13
TXN138950,214.92,2024-11-04
TXN145182,489.26,2024-12-07
TXN146226,261.8,2024-03-28
TXN101349,438.15,2024-07-09
TXN129128,175.25,2024-01-28
TXN119112,123.16,2024-06-05
TXN114585,249.69,2024-06-12
TXN109267,366.33,2024-07-10
TXN102551,485.47,2024-04-02
TXN107363,220.55,2024-08-31
TXN133344,305.41,2024-08-14
TXN121749,264.82,2024-09-17
TXN127652,178.92,2024-03-30
TXN137622,387.65,2024-05-25
TXN127293,267.1,2024-03-18
TXN140174,143.46,2024-02-18
TXN104933,240.47,2024-03-04
TXN134053,493.9,2024-01-14
TXN100276,455.59,2024-10-13
TXN114339,407.17,2024-09-30
TXN134723,206.45,2024-06-02
TXN104458,335.22,2024-12-30
TXN135270,404.45,2024-03-04
TXN116145,480.96,2024-03-16
TXN130875,186.64,2024-01-19
TXN117601,407.44,2024-05-03
TXN121870,136.91,2024-12-05
TXN113155,197.37,2024-05-01
TXN107834,382.68,2024-02-14
TXN131814,350.3,2024-08-03
TXN100314,78.24,2024-11-22
TXN149001,150.43,2024-01-30
TXN146041,262.1,2024-10-05
TXN113539,309.38,2024-09-25
TXN132782,289.64,2024-11-12
TXN125583,234.56,2024-07-25
TXN109462,208.7,2024-04-27
TXN135307,252.2,2024-12-06
TXN120867,451.13,2024-09-30
TXN143547,252.1,2024-10-05
TXN104655,226.67,2024-12-09
TXN141088,143.87,2024-04-18
TXN101148,148.16,2024-02-15
TXN128729,405.32,2024-03-10
TXN108807,381.04,2024-05-25
TXN137110,256.87,2024-05-08
TXN124412,254.38,2024-12-27
TXN103495,177.45,2024-02-08
TXN144469,453.02,2024-10-18
TXN132744,330.6,2024-03-30
TXN131592,75.06,2024-02-07
TXN109103,335.37,2024-07-19
TXN123854,478.63,2024-03-08
TXN135282,143.0,2024-10-01
TXN138604,350.81,2024-10-08
TXN114036,86.07,2024-06-11
TXN142205,310.19,2024-07-21
TXN141821,217.07,2024-06-04
TXN149093,110.15,2024-09-10
TXN124634,199.87,2024-04-08
TXN139694,382.57,2024-08-17
TXN148577,358.49,2024-01-21
TXN148235,299.78,2024-07-11
TXN105730,412.97,2024-09-09
TXN139465,222.64,2024-10-13
TXN124816,220.41,2024-04-16
TXN108272,257.82,2024-03-15
TXN118514,345.75,2024-05-23
TXN104628,161.69,2024-07-12
TXN135671,360.4,2024-01-10
TXN105033,113.75,2024-12-29
TXN137805,404.58,2024-03-31
TXN132904,217.78,2024-02-22
TXN102097,138.71,2024-12-15
TXN148789,451.63,2024-04-23
TXN149276,117.59,2024-06-06
TXN112381,294.95,2024-12-12
TXN123467,284.88,2024-09-07
TXN130070,189.28,2024-04-23
TXN110545,469.92,2024-05-17
TXN125472,221.23,2024-10-08
TXN133655,373.91,2024-04-04
TXN142679,491.96,2024-04-04
TXN131855,134.19,2024-07-27
TXN147139,192.33,2024-09-23
TXN145961,447.09,2024-12-22
TXN107862,427.13,2024-01-11
TXN115995,137.3,2024-05-26
TXN118688,151.53,2024-04-12
TXN119122,420.36,2024-01-19
TXN134639,443.6,2024-02-05
TXN108765,391.55,2024-07-08
TXN116592,281.74,2024-08-28
TXN145512,388.65,2024-11-16
TXN119686,159.86,2024-05-28
TXN130708,228.95,2024-09-26
TXN107771,156.05,2024-08-20
TXN145351,307.44,2024-03-13
TXN132472,229.71,2024-05-22
TXN133043,335.71,2024-11-16
TXN113765,189.18,2024-12-16
TXN107355,283.88,2024-11-03
TXN122163,372.58,2024-01-23
TXN102590,348.76,2024-03-13
TXN140176,495.09,2024-07-22
TXN126890,310.01,2024-07-22
TXN149012,217.33,2024-03-14
TXN140321,53.25,2024-05-02
TXN131270,322.21,2024-07-05
TXN134166,420.73,2024-12-03
TXN148831,499.68,2024-11-01
TXN131476,355.27,2024-09-06
TXN132335,338.13,2024-12-23
TXN142741,362.3,2024-12-21
TXN129522,282.39,2024-08-01
TXN146414,126.62,2024-03-13
TXN119669,57.07,2024-07-22
TXN102786,323.5,2024-09-22
TXN129854,316.78,2024-01-26
TXN127186,74.79,2024-03-10
TXN107642,254.74,2024-01-27
TXN148612,407.98,2024-01-22
TXN116880,447.23,2024-04-21
TXN130710,322.07,2024-09-21
TXN104482,282.52,2024-11-25
TXN116093,334.94,2024-06-03
TXN108997,312.23,2024-01-27
TXN104885,300.88,2024-01-18
TXN107408,108.34,2024-08-20
TXN102247,63.3,2024-04-24
TXN127599,297.59,2024-01-22
TXN100816,375.56,2024-02-26
TXN103257,170.5,2024-08-16
TXN122497,410.08,2024-03-14
TXN125001,447.6,2024-05-17
TXN116317,168.49,2024-12-10
TXN118778,195.78,2024-11-10
TXN107629,88.97,2024-09-04
TXN132644,206.43,2024-12-06
TXN148709,411.89,2024-07-12
TXN126845,456.39,2024-06-12
TXN132852,98.48,2024-12-22
TXN137211,231.85,2024-08-12
TXN143792,209.84,2024-07-06
TXN127673,491.53,2024-06-16
TXN141763,160.48,2024-09-05
TXN105818,56.89,2024-09-22
TXN105531,199.39,2024-04-09
TXN133570,375.46,2024-05-22
TXN100322,411.12,2024-01-16
TXN149298,294.13,2024-02-15
TXN118873,445.93,2024-05-23
TXN141397,350.65,2024-02-14
TXN134274,349.91,2024-09-03
TXN140707,78.31,2024-02-20
TXN129067,187.3,2024-10-28
TXN111625,174.93,2024-01-26
TXN145471,355.03,2024-12-05
TXN106848,464.86,2024-03-04
TXN106947,253.18,2024-06-10
TXN123849,484.87,2024-10-04
TXN148495,331.21,2024-01-06
TXN129711,483.4,2024-02-10
TXN131072,452.91,2024-07-16
TXN110760,329.28,2024-11-21
TXN114383,497.04,2024-11-22
TXN125628,156.2,2024-07-17
TXN149564,290.46,2024-07-27
TXN107366,120.97,2024-07-09
TXN136101,465.55,2024-11-10
TXN103289,242.48,2024-02-19
TXN114052,228.29,2024-02-20
TXN130394,177.74,2024-07-13
TXN141458,208.0,2024-07-05
TXN116799,264.82,2024-12-25
TXN113917,290.78,2024-10-24
TXN128419,430.69,2024-05-11
TXN139962,386.1,2024-10-18
TXN116099,71.43,2024-10-30
TXN134417,220.57,2024-05-10
TXN116031,114.31,2024-04-30
TXN112323,101.51,2024-08-25
TXN105076,267.82,2024-02-23
TXN146705,258.49,2024-10-23
TXN141460,494.71,2024-05-24
TXN133000,435.46,2024-03-13
TXN128244,298.09,2024-05-23
TXN127008,132.72,2024-03-13
TXN147555,144.82,2024-11-27
TXN131550,318.67,2024-08-12
TXN134849,404.59,2024-01-23
TXN108533,178.27,2024-03-20
TXN118056,216.13,2024-10-08
TXN108153,165.16,2024-12-13
TXN138479,154.4,2024-03-05
TXN125099,149.95,2024-08-27
TXN134857,104.46,2024-06-03
TXN104590,158.81,2024-02-07
TXN149449,194.13,2024-09-17
TXN138274,76.03,2024-07-07
TXN122343,146.4,2024-08-09
TXN117217,85.6,2024-10-06
TXN134807,68.43,2024-02-15
TXN117338,165.19,2024-11-03
TXN106269,108.05,2024-07-26
TXN134129,328.3,2024-07-17
TXN102313,128.59,2024-08-03
TXN119908,88.14,2024-06-26
TXN106697,385.94,2024-08-11
TXN139712,404.48,2024-12-21
TXN102556,494.63,2024-05-27
TXN138621,192.5,2024-05-19
TXN117082,253.83,2024-08-05
TXN123721,338.41,2024-08-22
TXN123734,359.97,2024-10-10
TXN147512,92.57,2024-03-02
TXN131568,244.16,2024-07-12
TXN129217,493.28,2024-01-30
TXN123549,427.43,2024-10-21
TXN121100,217.23,2024-10-08
TXN130506,410.07,2024-02-25
TXN103059,368.1,2024-04-12
TXN132652,446.85,2024-09-01
TXN143676,484.74,2024-03-21
TXN118160,354.67,2024-09-14
TXN141171,102.44,2024-04-29
TXN141961,336.18,2024-07-11
TXN146279,290.98,2024-08-02
TXN102433,311.59,2024-01-29
TXN100789,479.35,2024-07-23
TXN104860,392.55,2024-09-23
TXN103475,101.19,2024-01-20
TXN121966,321.11,2024-12-26
TXN137705,443.92,2024-07-11
TXN119726,169.77,2024-11-20
TXN131058,407.53,2024-07-26
TXN139702,117.27,2024-05-06
TXN131007,99.52,2024-10-14
TXN102460,106.38,2024-04-16
TXN148396,292.3,2024-09-12
TXN121657,418.57,2024-12-05
TXN134182,405.78,2024-07-07
TXN128356,135.61,2024-06-12
TXN149707,194.13,2024-06-27
TXN110612,282.84,2024-08-16
TXN145335,495.93,2024-11-05
TXN125546,208.69,2024-07-03
TXN144660,67.76,2024-02-09
TXN125198,59.03,2024-04-23
TXN134175,223.6,2024-08-29
TXN130718,255.36,2024-03-22
TXN140951,378.17,2024-04-20
TXN133456,207.33,2024-02-06
TXN132355,190.18,2024-02-18
TXN138857,499.42,2024-06-05
TXN129699,218.48,2024-11-03
TXN105824,163.54,2024-07-26
TXN144507,472.91,2024-10-26
TXN123043,366.79,2024-02-24
TXN125698,205.42,2024-04-08
TXN135703,335.92,2024-02-20
TXN132981,321.75,2024-10-27
TXN113915,243.84,2024-12-22
TXN109013,393.6,2024-05-22
TXN128370,335.38,2024-09-27
TXN118238,385.72,2024-10-28
TXN147445,164.68,2024-10-09
TXN121101,349.05,2024-09-20
TXN111658,262.9,2024-07-26
TXN146785,457.5,2024-01-25
TXN144257,413.19,2024-02-23
TXN108185,291.77,2024-10-11
TXN147272,254.65,2024-05-17
TXN113346,437.37,2024-12-15
TXN137134,416.44,2024-06-18
TXN100776,483.02,2024-02-07
TXN135079,261.1,2024-03-04
TXN122705,436.55,2024-01-13
TXN132650,81.07,2024-01-05
TXN120966,140.71,2024-03-07
TXN135947,494.33,2024-10-05
TXN134545,238.4,2024-03-06
TXN130061,107.2,2024-12-04
TXN133005,442.81,2024-10-20
TXN125680,356.21,2024-08-29
TXN130547,63.59,2024-01-19
TXN110949,340.45,2024-12-23
TXN145307,488.18,2024-06-16
TXN108615,461.05,2024-06-22
TXN124463,59.8,2024-06-01
TXN110483,447.42,2024-01-17
TXN143017,314.53,2024-05-01
TXN143013,136.8,2024-09-02
TXN128225,354.51,2024-08-19
TXN119086,360.97,2024-04-16
TXN142180,217.16,2024-10-25
TXN122140,470.74,2024-01-29
TXN129973,439.88,2024-10-05
TXN115838,220.46,2024-01-07
TXN138463,281.85,2024-02-01
TXN148110,483.8,2024-07-22
TXN110446,374.74,2024-05-21
TXN121308,235.25,2024-12-14
TXN126637,178.01,2024-07-02
TXN143854,427.67,2024-04-27
TXN130253,238.35,2024-04-05
TXN148881,258.67,2024-01-12
TXN118581,320.72,2024-02-14
TXN126937,393.99,2024-05-10
TXN125071,371.17,2024-03-22
TXN115821,498.52,2024-04-17
TXN111736,376.5,2024-07-02
TXN109928,312.1,2024-04-04
TXN128606,282.13,2024-10-11
TXN122095,280.72,2024-07-08
TXN131222,383.53,2024-02-17
TXN135846,371.92,2024-05-06
TXN110438,120.52,2024-01-21
TXN139254,199.78,2024-12-17
TXN112930,97.33,2024-08-07
TXN128664,145.91,2024-05-23
TXN132131,172.83,2024-12-13
TXN103281,139.55,2024-12-29
TXN110856,465.77,2024-11-22
TXN145527,477.91,2024-07-22
TXN129130,128.36,2024-09-28
TXN132121,402.22,2024-09-06
TXN108368,410.38,2024-07-14
TXN124896,366.55,2024-09-07
TXN133083,302.43,2024-04-04
TXN137445,215.08,2024-03-14
TXN145311,220.12,2024-01-29
TXN147972,180.09,2024-12-15
TXN109839,452.35,2024-03-19
TXN142446,82.05,2024-11-13
TXN107037,196.25,2024-11-22
TXN124014,352.6,2024-01-24
TXN130315,366.01,2024-04-13
TXN146573,389.71,2024-04-08
TXN131091,174.77,2024-10-21
TXN102902,68.83,2024-06-13
TXN145247,424.31,2024-01-19
TXN103021,268.33,2024-03-26
TXN124237,243.14,2024-07-18
TXN115026,136.59,2024-02-17
TXN138657,90.47,2024-09-20
TXN142937,476.37,2024-02-03
TXN122228,269.93,2024-10-10
TXN115669,129.6,2024-04-22
TXN129033,256.29,2024-04-09
TXN106988,92.22,2024-08-26
TXN137254,253.24,2024-02-19
TXN147260,187.38,2024-03-10
TXN121488,205.78,2024-04-18
TXN113630,151.77,2024-08-24
TXN138006,320.71,2024-05-16
TXN147138,81.98,2024-01-08
TXN132234,333.68,2024-06-21
TXN145083,405.69,2024-03-22
TXN132327,154.89,2024-09-25
TXN105683,178.41,2024-07-18
TXN100997,50.22,2024-10-22
TXN104598,295.89,2024-10-05
TXN120057,471.82,2024-10-15
TXN125332,365.72,2024-12-14
TXN127211,483.91,2024-12-29
TXN144552,245.14,2024-04-28
TXN142986,154.84,2024-05-07
TXN100342,178.86,2024-03-19
TXN137775,368.71,2024-05-13
TXN126287,137.92,2024-08-26
TXN144673,221.68,2024-10-27
TXN133228,53.49,2024-05-24
TXN107253,152.88,2024-04-27
TXN139888,62.68,2024-01-19
TXN103003,473.89,2024-12-08
TXN125693,396.17,2024-12-02
TXN107757,66.36,2024-11-11
TXN144362,98.74,2024-05-19
TXN129751,466.03,2024-03-07
TXN105576,433.11,2024-12-04
TXN149111,62.53,2024-09-27
TXN126796,405.16,2024-01-10
TXN141612,357.55,2024-11-11
TXN148792,143.78,2024-05-31
TXN129946,94.78,2024-09-04
TXN102220,448.87,2024-05-29
TXN118935,113.31,2024-02-28
TXN116067,342.04,2024-08-06
TXN101504,107.23,2024-01-04
TXN135566,76.42,2024-03-19
TXN118810,90.32,2024-09-10
TXN120236,128.06,2024-11-01
TXN124915,254.43,2024-01-19
TXN102146,499.18,2024-06-26
TXN100766,249.76,2024-11-26
TXN133260,396.74,2024-10-20
TXN105738,461.3,2024-12-28
TXN103504,463.89,2024-05-26
TXN128442,371.3,2024-04-11
TXN141944,304.99,2024-09-16
TXN115638,155.65,2024-03-29
TXN147645,125.18,2024-09-08
TXN108687,434.99,2024-11-29
TXN101454,91.73,2024-03-17
TXN102749,80.35,2024-09-26
TXN147597,491.29,2024-08-25
TXN123838,115.75,2024-09-27
TXN100187,239.52,2024-06-22
TXN141021,132.09,2024-07-17
TXN135986,147.32,2024-11-10
TXN109403,273.96,2024-07-29
TXN134351,235.58,2024-12-17
TXN109434,93.86,2024-07-28
TXN118843,195.01,2024-10-14
TXN127266,82.69,2024-04-17
TXN134776,241.69,2024-02-26
TXN123992,218.27,2024-04-07
TXN111415,323.68,2024-07-05
TXN102513,207.24,2024-05-31
TXN144106,380.77,2024-06-11
TXN147589,206.44,2024-06-18
TXN117767,467.08,2024-10-04
TXN124297,421.39,2024-12-05
TXN128432,197.66,2024-10-22
TXN121760,267.2,2024-08-19
TXN135477,111.24,2024-07-02
TXN114751,396.63,2024-01-15
TXN118481,218.19,2024-01-25
TXN145011,58.34,2024-12-18
TXN137118,152.62,2024-03-19
TXN125625,262.58,2024-02-03
TXN102464,68.66,2024-06-22
TXN106952,331.2,2024-04-22
TXN128659,361.61,2024-09-18
TXN105003,78.95,2024-09-01
TXN126734,171.65,2024-05-10
TXN120168,332.04,2024-11-19
TXN121382,475.7,2024-02-10
TXN141332,128.36,2024-08-16
TXN101242,184.37,2024-05-17
TXN104198,164.76,2024-07-17
TXN132035,333.2,2024-04-30
TXN147993,232.27,2024-02-03
TXN112837,147.51,2024-12-02
TXN104865,434.85,2024-07-12
TXN105942,458.54,2024-07-05
TXN130598,303.69,2024-11-18
TXN126703,58.33,2024-08-08
TXN106881,407.76,2024-12-11
TXN114387,148.65,2024-04-20
TXN102481,354.5,2024-12-21
TXN138703,263.68,2024-09-21
TXN104581,356.53,2024-03-25
TXN139170,415.54,2024-10-06
TXN138249,444.27,2024-05-30
TXN108173,398.88,2024-07-02
TXN101966,210.54,2024-02-18
TXN101442,444.14,2024-06-07
TXN111485,167.91,2024-11-21
TXN104394,404.86,2024-05-25
TXN134209,185.68,2024-03-09
TXN108964,441.66,2024-03-15
TXN116102,153.46,2024-02-13
TXN100097,456.09,2024-04-21
TXN103715,358.92,2024-04-21
TXN117051,419.31,2024-11-09
TXN110913,358.58,2024-12-25
TXN141357,344.16,2024-02-08
TXN103862,328.69,2024-10-26
TXN139648,393.88,2024-11-22
TXN102618,115.07,2024-09-18
TXN148846,383.2,2024-04-24
TXN135386,160.36,2024-08-10
TXN108760,494.25,2024-10-31
TXN114303,494.76,2024-10-14
TXN116575,85.02,2024-04-08
TXN100289,284.93,2024-03-18
TXN126653,484.72,2024-05-08
TXN114446,273.48,2024-04-28
TXN129098,357.24,2024-07-06
TXN135736,441.13,2024-08-23
TXN109231,224.3,2024-11-08
TXN128929,143.6,2024-07-14
TXN110703,147.26,2024-05-28
TXN133476,371.88,2024-08-08
TXN149702,361.85,2024-05-15
TXN138733,267.22,2024-05-27
TXN106325,364.71,2024-09-07
TXN145875,260.25,2024-03-13
TXN130158,150.6,2024-02-18
TXN120360,100.72,2024-08-21
TXN117977,58.02,2024-05-02
TXN143028,189.89,2024-10-17
TXN119594,312.23,2024-07-02
TXN123282,294.85,2024-05-03
TXN142309,172.76,2024-03-14
TXN139409,161.03,2024-04-10
TXN137956,59.78,2024-01-07
TXN121560,215.77,2024-10-29
TXN137911,251.07,2024-09-26
TXN138045,98.65,2024-11-08
TXN122733,357.1,2024-02-20
TXN135583,430.47,2024-09-30
TXN108061,224.0,2024-07-25
TXN134356,311.44,2024-04-06
TXN123202,113.8,2024-10-14
TXN146329,409.4,2024-09-12
TXN145759,60.47,2024-07-24
TXN108552,216.93,2024-07-11
TXN130012,207.81,2024-07-01
TXN126377,325.97,2024-06-19
TXN100092,201.66,2024-03-18
TXN103016,325.31,2024-05-26
TXN146160,168.08,2024-05-24
TXN101548,288.27,2024-01-27
TXN109438,254.02,2024-10-06
TXN102964,353.91,2024-05-20
TXN120010,495.2,2024-07-23
TXN105305,177.55,2024-06-29
TXN132996,420.64,2024-11-25
TXN114429,207.07,2024-06-21
TXN125094,69.62,2024-09-01
TXN141228,364.08,2024-10-01
TXN146075,393.93,2024-04-12
TXN145561,340.21,2024-01-16
TXN100976,412.46,2024-02-01
TXN110983,100.02,2024-07-17
TXN134353,128.66,2024-02-04
TXN114150,476.47,2024-03-29
TXN140308,302.07,2024-11-13
TXN139507,368.4,2024-07-30
TXN135698,251.2,2024-09-05
TXN126105,200.36,2024-10-04
TXN116349,180.5,2024-05-26
TXN102670,371.8,2024-09-25
TXN148670,448.44,2024-01-19
TXN134888,138.32,2024-07-23
TXN147464,132.07,2024-10-22
TXN134717,110.06,2024-12-12
TXN128158,175.0,2024-07-12
TXN141915,183.24,2024-02-17
TXN104323,138.17,2024-07-18
TXN147643,309.05,2024-03-13
TXN141795,371.84,2024-02-02
TXN130289,191.16,2024-10-30
TXN144036,91.59,2024-02-13
TXN136094,176.22,2024-03-11
TXN128616,351.43,2024-06-16
TXN110638,64.7,2024-09-28
TXN107732,103.55,2024-06-21
TXN128133,208.78,2024-08-16
TXN149004,183.43,2024-10-12
TXN112184,393.52,2024-09-28
TXN110288,388.7,2024-11-17
TXN127097,240.35,2024-03-31
TXN139191,351.56,2024-01-26
TXN122889,62.3,2024-09-12
TXN145760,132.52,2024-09-23
TXN139238,74.26,2024-11-22
TXN100326,370.44,2024-12-26
TXN136573,284.32,2024-02-03
TXN111763,415.27,2024-08-08
TXN136466,482.68,2024-08-05
TXN122520,375.79,2024-04-19
TXN109812,63.57,2024-05-23
TXN141704,196.95,2024-02-19
TXN127912,378.59,2024-11-15
TXN108784,271.38,2024-11-16
TXN145289,478.85,2024-06-03
TXN103453,382.4,2024-06-04
TXN143265,420.62,2024-12-17
TXN109725,132.16,2024-05-16
TXN112660,55.46,2024-04-20
TXN148769,319.18,2024-03-08
TXN107983,240.91,2024-04-26
TXN141887,182.88,2024-10-14
TXN116374,178.83,2024-08-05
TXN142930,215.7,2024-01-13
TXN136004,233.68,2024-02-21
TXN128060,478.37,2024-01-03
TXN132568,399.86,2024-10-19
TXN147743,396.78,2024-11-04
TXN107038,405.41,2024-09-04
TXN120951,446.86,2024-09-07
TXN117330,465.81,2024-10-06
TXN107192,367.87,2024-01-17
TXN135488,336.87,2024-12-20
TXN127179,477.4,2024-10-13
TXN118351,390.99,2024-06-09
TXN133782,474.46,2024-03-23
TXN147711,121.51,2024-08-23
TXN110919,386.75,2024-07-02
TXN146215,199.83,2024-06-03
TXN124495,422.74,2024-03-19
TXN142095,224.16,2024-10-30
TXN121320,135.07,2024-07-06
TXN141499,497.1,2024-04-02
TXN132950,316.92,2024-11-12
TXN114694,65.23,2024-04-16
TXN124146,365.17,2024-10-01
TXN107334,335.87,2024-09-01
TXN148564,174.74,2024-10-11
TXN140275,196.31,2024-01-16
TXN103966,399.69,2024-08-05
TXN116342,290.71,2024-05-22
TXN117613,94.27,2024-02-07
TXN144947,449.38,2024-10-17
TXN126664,417.14,2024-05-09
TXN102588,486.78,2024-08-16
TXN143461,490.85,2024-01-25
TXN139636,85.74,2024-11-18
TXN136695,177.45,2024-10-13
TXN104987,105.79,2024-09-14
TXN122046,194.39,2024-06-19
TXN132273,391.01,2024-08-12
TXN138368,68.45,2024-07-16
TXN126736,143.8,2024-07-31
TXN109752,234.62,2024-05-28
TXN113334,389.09,2024-02-13
TXN148205,459.33,2024-09-18
TXN146737,147.36,2024-11-02
TXN133392,449.36,2024-05-25
TXN141678,476.06,2024-12-21
TXN114235,299.25,2024-11-14
TXN139277,168.39,2024-03-15
TXN128728,477.16,2024-10-30
TXN142139,471.98,2024-09-01
TXN143686,152.66,2024-05-24
TXN143669,252.66,2024-01-08
TXN139263,432.68,2024-05-06
TXN131688,96.93,2024-11-09
TXN147776,150.03,2024-06-17
TXN110254,175.82,2024-02-16
TXN120068,414.35,2024-10-28
TXN120058,311.96,2024-12-25
TXN121993,341.45,2024-07-31
TXN128527,281.0,2024-10-30
TXN116134,54.24,2024-07-07
TXN148505,367.89,2024-08-16
TXN112786,347.58,2024-12-29
TXN130372,487.61,2024-02-25
TXN104460,149.79,2024-12-14
TXN149187,496.7,2024-11-20
TXN124600,220.26,2024-10-25
TXN144725,395.24,2024-07-27
TXN116523,136.98,2024-04-05
TXN139255,120.77,2024-10-07
TXN123198,246.97,2024-07-07
TXN140561,211.85,2024-11-26
TXN146033,126.43,2024-02-09
TXN105698,183.62,2024-07-03
TXN116491,480.19,2024-08-14
TXN110138,390.48,2024-08-14
TXN112011,477.68,2024-04-30
TXN100984,488.32,2024-11-08
TXN129891,355.95,2024-04-24
TXN124140,469.5,2024-06-29
TXN123229,206.61,2024-06-07
TXN106787,91.85,2024-11-15
TXN133842,208.97,2024-12-30
TXN124959,84.89,2024-07-13
TXN109464,472.56,2024-06-29
TXN144685,431.6,2024-01-11
TXN129604,363.66,2024-09-04
TXN117937,53.23,2024-07-21
TXN107298,161.51,2024-03-28
TXN148579,455.15,2024-10-25
TXN130104,301.66,2024-10-26
TXN109713,210.35,2024-06-09
TXN112462,239.06,2024-12-15
TXN149864,263.98,2024-05-31
TXN122919,486.48,2024-03-13
TXN140780,82.93,2024-06-16
TXN107904,461.03,2024-10-20
TXN102945,329.0,2024-07-18
TXN108394,61.29,2024-08-20
TXN149785,118.08,2024-10-27
TXN125681,130.19,2024-04-28
TXN139179,224.88,2024-04-04
TXN119306,82.68,2024-05-09
TXN124803,74.86,2024-02-19
TXN140047,204.54,2024-01-19
TXN147705,385.44,2024-07-16
TXN123755,190.43,2024-12-09
TXN116411,234.89,2024-09-19
TXN126953,496.37,2024-09-09
TXN142642,483.85,2024-09-25
TXN142833,467.75,2024-04-26
TXN136817,324.15,2024-07-23
TXN115301,417.08,2024-06-18
TXN112635,480.58,2024-06-20
TXN135507,91.26,2024-05-13
TXN124914,315.97,2024-05-23
TXN112288,438.56,2024-10-24
TXN111858,111.67,2024-02-16
TXN130651,301.57,2024-03-03
TXN119111,164.65,2024-05-18
TXN115748,358.79,2024-07-03
TXN145880,403.38,2024-10-16
TXN129110,395.38,2024-02-08
TXN128705,191.09,2024-02-03
TXN127631,419.81,2024-06-28
TXN134732,336.25,2024-10-17
TXN107276,285.27,2024-04-06
TXN112301,474.51,2024-11-20
TXN101216,123.15,2024-02-11
TXN133754,130.67,2024-03-28
TXN122843,316.98,2024-09-18
TXN120226,275.3,2024-01-13
TXN111884,51.86,2024-03-30
TXN133246,427.31,2024-05-17
TXN144390,215.73,2024-08-24
TXN116671,455.64,2024-02-02
TXN136070,52.9,2024-03-14
TXN134833,147.67,2024-09-27
TXN103812,50.15,2024-09-16
TXN101366,324.48,2024-03-24
TXN105283,67.41,2024-12-22
TXN106774,325.19,2024-06-01
TXN129839,245.74,2024-09-01
TXN109335,296.15,2024-01-17
TXN107506,292.93,2024-06-30
TXN106833,229.72,2024-10-08
TXN142261,364.59,2024-03-13
TXN126573,360.35,2024-11-23
TXN142751,467.66,2024-09-02
TXN135854,481.29,2024-04-29
TXN134318,431.72,2024-10-07
TXN132160,348.95,2024-03-13
TXN112483,210.59,2024-11-16
TXN116295,254.51,2024-04-10
TXN148704,435.86,2024-01-24
TXN125030,276.93,2024-01-14
TXN145078,331.82,2024-04-10
TXN127507,165.68,2024-08-23
TXN119828,132.26,2024-09-22
TXN120285,445.22,2024-11-21
TXN106115,382.02,2024-05-12
TXN123649,99.43,2024-05-29
TXN104783,258.16,2024-09-30
TXN133214,348.3,2024-10-26
TXN116719,104.7,2024-09-30
TXN128393,348.96,2024-01-11
TXN129745,457.87,2024-01-09
TXN134627,196.83,2024-05-06
TXN143235,435.94,2024-02-04
TXN142230,466.44,2024-02-01
TXN136279,161.73,2024-10-09
TXN105646,435.21,2024-11-25
TXN111520,332.44,2024-12-24
TXN124810,313.64,2024-03-20
TXN142189,108.8,2024-09-20
TXN115396,284.33,2024-02-17
TXN119752,422.56,2024-02-25
TXN108444,132.62,2024-05-15
TXN146898,316.46,2024-09-03
TXN110759,200.38,2024-09-05
TXN131213,339.0,2024-08-23
TXN112529,415.5,2024-08-10
TXN110868,62.33,2024-12-24
TXN145245,137.99,2024-06-30
TXN111994,269.31,2024-02-04
TXN111377,93.99,2024-10-08
TXN105430,424.54,2024-11-23
TXN142926,183.31,2024-02-26
TXN117404,327.0,2024-09-26
TXN145607,168.04,2024-10-12
TXN128044,261.74,2024-02-07
TXN144523,386.79,2024-08-26
TXN114709,281.79,2024-09-30
TXN130319,480.95,2024-04-12
TXN108052,337.02,2024-07-20
TXN149502,326.13,2024-08-03
TXN128821,394.2,2024-11-19
TXN147063,237.49,2024-04-16
TXN109004,312.74,2024-06-11
TXN149995,173.11,2024-05-27
TXN113194,388.42,2024-08-16
TXN118973,75.38,2024-09-03
TXN119527,184.53,2024-03-12
TXN101124,448.93,2024-12-03
TXN118595,214.5,2024-11-13
TXN144846,217.38,2024-04-07
TXN113753,223.69,2024-12-27
TXN129925,268.93,2024-09-21
TXN133559,278.78,2024-05-17
TXN109798,70.36,2024-01-13
TXN127217,460.03,2024-04-16
TXN118636,219.91,2024-12-08
TXN109554,292.26,2024-12-15
TXN115691,307.0,2024-01-30
TXN128792,434.94,2024-12-22
TXN126506,266.39,2024-08-13
TXN142473,458.19,2024-01-30
TXN114497,166.02,2024-09-28
TXN106858,491.75,2024-01-17
TXN123018,322.92,2024-12-11
TXN129177,288.96,2024-10-07
TXN106834,494.89,2024-09-21
TXN125080,485.1,2024-12-29
TXN119945,150.52,2024-02-04
TXN120905,483.7,2024-06-08
TXN132428,329.73,2024-01-25
TXN144310,287.68,2024-08-09
TXN127363,127.7,2024-02-04
TXN145665,111.93,2024-09-05
TXN107805,379.92,2024-10-08
TXN147267,488.28,2024-07-09
TXN134001,131.86,2024-09-15
TXN104567,93.89,2024-09-16
TXN148061,61.41,2024-01-11
TXN121844,486.25,2024-04-14
TXN130641,103.28,2024-06-15
TXN136131,125.68,2024-07-01
TXN109519,188.42,2024-08-25
TXN149994,183.22,2024-11-18
TXN134863,67.05,2024-10-06
TXN136984,473.29,2024-05-13
TXN135705,78.36,2024-09-01
TXN145234,185.74,2024-11-26
TXN106364,103.73,2024-08-31
TXN122297,280.9,2024-06-29
TXN146697,92.46,2024-02-03
TXN104737,304.72,2024-07-24
TXN132087,114.52,2024-02-18
TXN148132,374.32,2024-01-21
TXN135553,470.64,2024-11-07
TXN106823,248.52,2024-03-05
TXN126025,69.5,2024-01-17
TXN118269,443.4,2024-04-03
TXN135361,277.32,2024-07-04
TXN113541,105.02,2024-07-18
TXN137215,230.71,2024-04-01
TXN120899,242.78,2024-12-20
TXN142029,469.57,2024-07-27
TXN121954,338.92,2024-04-05
TXN146089,268.61,2024-11-14
TXN147017,152.4,2024-10-20
TXN130165,131.68,2024-05-05
TXN106333,409.8,2024-06-12
TXN107522,314.63,2024-09-12
TXN114969,202.39,2024-05-27
TXN104483,284.49,2024-12-17
TXN141999,244.37,2024-08-22
TXN149381,474.58,2024-08-28
TXN122310,229.63,2024-12-30
TXN106128,346.42,2024-11-27
TXN139530,417.39,2024-05-27
TXN139505,361.4,2024-12-12
TXN110311,189.49,2024-02-16
TXN147452,309.4,2024-08-15
TXN127365,230.9,2024-11-01
TXN122922,295.33,2024-08-14
TXN126204,229.39,2024-11-11
TXN119419,239.89,2024-12-13
TXN109414,493.89,2024-06-22
TXN135773,81.26,2024-10-09
TXN105002,373.04,2024-10-18
TXN132285,67.05,2024-04-04
TXN127753,62.74,2024-07-20
TXN121448,490.96,2024-07-28
TXN119450,83.45,2024-08-11
TXN117680,389.53,2024-03-27
TXN147787,329.23,2024-02-23
TXN109398,55.39,2024-10-15
TXN100640,116.27,2024-01-20
TXN110893,62.9,2024-12-09
TXN106378,262.96,2024-10-19
TXN140482,445.68,2024-11-14
TXN131536,107.5,2024-05-15
TXN139840,150.02,2024-08-04
TXN121383,162.68,2024-07-28
TXN147609,493.12,2024-03-27
TXN100072,344.52,2024-08-03
TXN148386,81.96,2024-11-05
TXN121919,228.66,2024-04-19
TXN102222,228.12,2024-02-21
TXN124443,350.15,2024-11-17
TXN109401,225.45,2024-10-02
TXN110260,442.13,2024-10-13
TXN144397,179.5,2024-12-28
TXN128978,189.96,2024-05-16
TXN118524,143.49,2024-04-16
TXN103721,278.69,2024-03-05
TXN115182,360.64,2024-01-21
TXN102861,141.45,2024-09-20
TXN115909,381.26,2024-10-19
TXN125870,309.77,2024-11-14
TXN117045,273.16,2024-10-15
TXN107557,357.27,2024-09-12
TXN139053,475.73,2024-05-31
TXN133951,457.23,2024-12-29
TXN130721,129.98,2024-01-15
TXN139734,178.61,2024-02-27
TXN147033,129.66,2024-03-31
TXN135658,53.55,2024-08-06
TXN142500,491.7,2024-03-29
TXN106701,480.78,2024-07-06
TXN111531,357.77,2024-09-05
TXN130507,212.23,2024-03-23
TXN116621,74.37,2024-05-19
TXN147045,127.22,2024-06-14
TXN124603,74.5,2024-03-21
TXN118555,223.46,2024-02-22
TXN140229,189.55,2024-03-03
TXN134570,216.37,2024-01-25
TXN118712,314.4,2024-09-01
TXN130822,379.41,2024-02-09
TXN131806,201.74,2024-05-05
TXN148559,314.47,2024-10-17
TXN104035,237.19,2024-03-19
TXN136031,350.87,2024-01-21
TXN145567,145.62,2024-01-16
TXN133872,465.11,2024-07-20
TXN109820,336.55,2024-09-18
TXN149005,228.83,2024-04-29
TXN138637,314.43,2024-09-01
TXN141854,455.74,2024-10-24
TXN138107,373.24,2024-02-25
TXN147252,56.02,2024-03-16
TXN102096,404.63,2024-12-10
TXN144313,276.65,2024-08-31
TXN109941,354.64,2024-06-25
TXN128956,275.1,2024-04-09
TXN140469,255.54,2024-11-01
TXN126035,464.71,2024-04-19
TXN116693,361.75,2024-01-28
TXN100910,90.79,2024-01-30
TXN120932,477.05,2024-05-08
TXN139674,355.48,2024-11-18
TXN121754,400.66,2024-05-05
TXN128820,236.74,2024-11-25
TXN131542,217.71,2024-08-22
TXN141535,410.32,2024-08-23
TXN149458,497.7,2024-11-17
TXN104384,302.88,2024-03-28
TXN105164,269.02,2024-06-15
TXN127713,226.88,2024-02-16
TXN122944,85.66,2024-03-06
TXN146438,404.95,2024-01-06
TXN121923,85.62,2024-03-02
TXN121451,270.82,2024-12-11
TXN114747,225.58,2024-12-21
TXN121727,121.21,2024-10-08
TXN126283,127.94,2024-04-24
TXN132272,495.29,2024-10-15
TXN103405,112.98,2024-06-10
TXN134937,345.72,2024-10-29
TXN145293,367.74,2024-11-23
TXN105101,325.58,2024-11-09
TXN119014,433.85,2024-06-27
TXN129837,332.63,2024-10-18
TXN147501,464.14,2024-07-18
TXN141196,121.62,2024-08-27
TXN149121,438.73,2024-02-26
TXN103171,401.56,2024-06-10
TXN111402,303.65,2024-07-01
TXN138884,343.51,2024-01-23
TXN141507,412.74,2024-04-01
TXN108343,88.02,2024-07-24
TXN133115,133.06,2024-12-01
TXN125269,361.83,2024-04-29
TXN125772,169.72,2024-07-08
TXN149011,363.94,2024-09-21
TXN120777,130.62,2024-03-13
TXN119358,136.1,2024-06-13
TXN131340,265.15,2024-01-20
TXN149850,300.84,2024-03-17
TXN141084,218.97,2024-11-06
TXN107393,165.91,2024-07-19
TXN111590,81.3,2024-07-24
TXN124457,302.75,2024-01-25
TXN133590,253.67,2024-06-14
TXN119900,363.37,2024-10-11
TXN137781,402.9,2024-01-22
TXN109356,346.7,2024-01-24
TXN142290,270.41,2024-01-04
TXN113878,452.5,2024-05-23
TXN129310,237.04,2024-04-27
TXN119410,477.48,2024-01-12
TXN144793,410.85,2024-02-13
TXN128051,491.21,2024-12-24
TXN137099,269.74,2024-08-10
TXN112324,163.22,2024-05-13
TXN143303,129.3,2024-12-01
TXN102063,120.69,2024-07-18
TXN124051,459.44,2024-07-30
TXN133969,320.14,2024-02-23
TXN118912,276.1,2024-08-13
TXN111677,188.79,2024-06-04
TXN133730,185.23,2024-04-13
TXN116992,144.69,2024-10-30
TXN119941,76.16,2024-08-11
TXN124858,358.6,2024-06-04
TXN143340,427.52,2024-05-20
TXN106920,230.09,2024-08-03
